ID;text;label
1;Регулярный платёж списался частично, остаток висит «к исполнению».;PAYMENT_OUT_FAIL
2;задержка по кэшбэку уже 9 рабочих дней когда начислят;INCOMING_DELAY
3;Face ID крутится и возвращает на экран логина. Пароль верный.;APP_LOGIN
4;аналитика расходов крутится бесконечно данных не видно;APP_TECH
5;звонили представились банком просили код ничего не говорил но тревожно;FRAUD_SUSPECTED
6;пополнение внешнего кошелька отменено код mcc запрещен можно ли временно разрешить;PAYMENT_OUT_FAIL
7;срок карты истёк перевыпуск задерживается онлайн-оплаты не проходят;CARD_ISSUE
8;виджет баланса показывает ноль при открытии сумма другая;APP_TECH
9;в истории операция из другого города устройство мне не знакомо;FRAUD_SUSPECTED
10;после апдейта 13.0 главный экран пустой баланс не грузится;APP_TECH
11;пополнение брокера rejected по правилам банка почему;PAYMENT_OUT_FAIL
12;ограничение на исходящие и входящие прошу разъяснить;ACCOUNT_SEIZED
13;перевод внутри банка с карты на счет возвращается ошибка операция запрещена;PAYMENT_OUT_FAIL
14;nfc не срабатывает терминал просит вставить магнитная работает;CARD_ISSUE
15;онлайн-оплата не проходит пишет карта неактивна;CARD_ISSUE
16;ИНН вводится но система пишет невалидный формат;KYC_VERIFICATION
17;оплата в ecommerce не прошла 3d secure не показался;PAYMENT_OUT_FAIL
18;верификация отклонена причина «некорректный документ» фото чёткое;KYC_VERIFICATION
19;выплата страховой переносится третий день нет денег;INCOMING_DELAY
20;частичный возврат есть второй не пришел пять дней;INCOMING_DELAY
21;банкомат пишет лимит исчерпан но лимит не выбран;CARD_ISSUE
22;перевод на номер ушёл не на того однофамилец как отменить;PAYMENT_OUT_FAIL
23;карта заблокирована из-за подозрительной операции как снять блокировку;CARD_ISSUE
24;оформился пробный период а списали полную стоимость;FRAUD_SUSPECTED
25;не удается сменить пин приложение пишет операция отклонена;CARD_ISSUE
26;платежный календарь показывает неверные даты списаний;APP_TECH
27;СБП: у получателя другой банк, система пишет превышен лимит получателя;PAYMENT_OUT_FAIL
28;смена PIN не сохраняется «операция отклонена»;CARD_ISSUE
29;зарплатный реестр прошел у коллег деньги есть у меня нет;INCOMING_DELAY
30;вошел один раз после этого пишет сессия истекла и больше не пускает;APP_LOGIN
31;уведомления о списаниях пропали настройки включены;APP_TECH
32;карта на карту отклонена банк получателя недоступен;PAYMENT_OUT_FAIL
33;ошибка 504 при переходе в каталог платежей;APP_TECH
34;письмо подтверждения почты приходит без рабочей ссылки;APP_LOGIN
35;блокировка по 115 фз операции остановлены прошу список документов;ACCOUNT_SEIZED
36;при сохранении шаблона платежа пишет unexpected error 500;APP_TECH
37;push включены в настройках но подтверждения входа не приходят;APP_LOGIN
38;аккаунт помечен службой безопасности куда загружать объяснения;ACCOUNT_SEIZED
39;оплата подписки не прошла в истории холд висит деньги не вернулись;PAYMENT_OUT_FAIL
40;гражданство сменилось отправил документы но статус не обновляется;KYC_VERIFICATION
41;карта отображается как виртуальная хотя это физическая из-за этого отказы;CARD_ISSUE
42;магическая ссылка на почту открывается, но приложение не авторизует;APP_LOGIN
43;карта потеряна пытаюсь заблокировать вечная загрузка помогите;CARD_ISSUE
44;после перевыпуска карта не активируется номер недоступен;CARD_ISSUE
45;перевёл по qr знакомому оказался мошенник можно ли остановить;FRAUD_SUSPECTED
46;Оплата коммуналки проваливается вечером, утром проходит. Сейчас снова не проходит.;PAYMENT_OUT_FAIL
47;партнер отправил промежуточный платеж статус «обрабатывается» вторые сутки;INCOMING_DELAY
48;ограничение без описания причины куда обращаться для разъяснений;ACCOUNT_SEIZED
49;история операций пустая хотя были движения вчера;APP_TECH
50;карта не привязывается к кошельку эмитент не поддерживает хотя раньше работало;CARD_ISSUE
51;cvv не показывает приложение не могу оплатить услугу;CARD_ISSUE
52;поступление процентов по накопительному счёту задерживается;INCOMING_DELAY
53;после обновления 12.5 вылетает при открытии раздела платежи;APP_TECH
54;входящие блокируются из-за ограничений нужно платить подрядчикам;ACCOUNT_SEIZED
55;SEPA поступление обычно на следующий день, прошло двое суток — денег нет.;INCOMING_DELAY
56;пополнение брокерского счета отклонено по правилам банка;PAYMENT_OUT_FAIL
57;срок действия истёк перевыпуск задерживается онлайн-платежи не идут;CARD_ISSUE
58;перешел по письму подтвердите аккаунт ввел данные проверьте доступ;FRAUD_SUSPECTED
59;анкета зависает на последнем шаге крутится без конца;KYC_VERIFICATION
60;оплата подписки не проходит пишет превышен лимит в приложении лимит не выбран;PAYMENT_OUT_FAIL
61;кнопка войти не активна хотя все поля заполнены;APP_LOGIN
62;документы загрузил ответ пришёл «недостаточно» перечислите что ещё нужно;ACCOUNT_SEIZED
63;в телеграме прислали ссылку похожую на банк я ввел логин и пароль;FRAUD_SUSPECTED
64;ошибка 3d secure страница не загружается платеж отменен;PAYMENT_OUT_FAIL
65;арест дублируется на двух счетах один уже оплачен снимите повторно;ACCOUNT_SEIZED
66;Оплата в интернет-магазине: страница 3-D Secure не загружается, платёж отменяется.;PAYMENT_OUT_FAIL
67;инн формат верный система ругается невалидный;KYC_VERIFICATION
68;поле комментария обрезает текст после 40–50 символов;APP_TECH
69;код из смс приходит с опозданием 10 минут не успеваю подтвердить вход;APP_LOGIN
70;При входе через Face ID крутится загрузка и возвращает на экран логина.;APP_TECH
71;двухфакторная включена а пуши не приходят почта пустая помочь войти;APP_LOGIN
72;на экране логина кружок загрузки и возвращает назад без ошибки;APP_LOGIN
73;лимиты изменились без меня подозреваю взлом;FRAUD_SUSPECTED
74;не могу войти через номер телефона пишет учетная запись не найдена;APP_LOGIN
75;забыл пин от приложения кнопка восстановить не активна что делать;APP_LOGIN
76;в приложении вижу вход с неизвестного устройства закройте доступ;FRAUD_SUSPECTED
77;блокировка по комплаенсу операции остановлены прошу объяснить причины;ACCOUNT_SEIZED
78;раздел аналитика расходов крутит и ничего не показывает;APP_TECH
79;Возврат налога статус «отправлено в банк» третьи сутки тишина;INCOMING_DELAY
80;Выписка показывает покупку ночью в зарубежном магазине, в это время я спал. Оспорьте.;FRAUD_SUSPECTED
81;просит подтвердить источник средств куда загрузить справки;KYC_VERIFICATION
82;операция запрещена даже внутри банка это из-за ареста;ACCOUNT_SEIZED
83;покупка через кошелёк прошла дважды чек один;FRAUD_SUSPECTED
84;требует подтвердить источник средств куда прикрепить справки о доходах;KYC_VERIFICATION
85;сброс пароля по ссылке 500 ошибка сервера;APP_LOGIN
86;статус kyc отклонено без пояснений как узнать причину;KYC_VERIFICATION
87;SWIFT USD в пути пятый день как отследить прохождение;INCOMING_DELAY
88;после загрузки ИНН статус меняется на проверка и так уже 3 дня;KYC_VERIFICATION
89;на новом телефоне пишет «аккаунт не найден», на старом всё работает;APP_LOGIN
90;нужен адрес куда направлять документы для разблокировки;ACCOUNT_SEIZED
91;заверенная копия паспорта не подходит требуется оригинал скан верно;KYC_VERIFICATION
92;код из смс приходит с задержкой 12–15 минут не успеваю войти;APP_LOGIN
93;авторизация через браузер внутри приложения висит вечная загрузка;APP_TECH
94;на почту пришло уведомление об аресте в приложении пусто поясните;ACCOUNT_SEIZED
95;в истории вход с нового устройства город не мой;FRAUD_SUSPECTED
96;верификация отклонена пишет некорректный документ фото четкое;KYC_VERIFICATION
97;SEPA из Германии обычно день сейчас второй день пусто;INCOMING_DELAY
98;включение входа по отпечатку даёт biometric api error;APP_TECH
99;бесконтактная не работает терминал просит вставить карта;CARD_ISSUE
100;транслитерация имени не принимается какой формат нужен;KYC_VERIFICATION
101;ночью операция в иностранном магазине я не платил;FRAUD_SUSPECTED
102;операция запрещена даже внутри банка это из-за ограничений;ACCOUNT_SEIZED
103;после оплаты по nfc терминал завис и списал дважды;FRAUD_SUSPECTED
104;спор по операции висит 10 дней прошу ускорить;FRAUD_SUSPECTED
105;после переустановки приложение просит подтвердить устройство, на почту ничего не приходит как войти;APP_LOGIN
106;возврат депозита брокером обещан вчера денег нет;INCOMING_DELAY
107;входящие средства ограничены по постановлению прошу частичное снятие;ACCOUNT_SEIZED
108;ограничили входящие и исходящие по запросу органа сроки снятия?;ACCOUNT_SEIZED
109;экспорт выписки в CSV создаёт пустой файл 0 байт;APP_TECH
110;арест ФССП без уведомления прошу реквизиты для оплаты постановления;ACCOUNT_SEIZED
111;смена пин в приложении не сохраняется пишет операция отклонена;CARD_ISSUE
112;реестр зарплаты загружен начисления мне не пришли;INCOMING_DELAY
113;оплата телефона через шаблон падает ошибка 400 неверные параметры хотя шаблон старый рабочий;PAYMENT_OUT_FAIL
114;перевод по реквизитам создан но кнопка подписать неактивна;PAYMENT_OUT_FAIL
115;после загрузки ИНН три дня висит «на проверке»;KYC_VERIFICATION
116;двойной холд в отеле списали и залог и оплата разберитесь;FRAUD_SUSPECTED
117;оставили меньше прожиточного минимума прошу вернуть часть средств;ACCOUNT_SEIZED
118;банкомат списал сумму и не выдал наличные вернуть деньги;CARD_ISSUE
119;спор по операции висит 11 дней просьба ускорить;FRAUD_SUSPECTED
120;PIN заблокирован после неверных попыток как сменить онлайн;CARD_ISSUE
121;комплаенс запросил выписки прислал ответ «недостаточно» что ещё;ACCOUNT_SEIZED
122;реестр зарплаты загрузили у меня на счете ноль;INCOMING_DELAY
123;сессии с нового браузера отображаются закройте все;FRAUD_SUSPECTED
124;ночью прошла покупка в usd я в это время спал оспорьте операцию;FRAUD_SUSPECTED
125;возврат налога через госслужбу в статусе отправлено на зачисление но пусто;INCOMING_DELAY
126;перевод на карту другого банка отклонён лимит не превышен почему отказ;PAYMENT_OUT_FAIL
127;договоры и счета-фактуры загрузил подтвердите принятие;ACCOUNT_SEIZED
128;при открытии раздела карты приложение зависает помогает только перезапуск;APP_TECH
129;двойной залог в отеле заблокировали больше чем надо;FRAUD_SUSPECTED
130;подозрительная активность в 3 ночи операции мелкими суммами;FRAUD_SUSPECTED
131;MRZ не считывается фото чёткое камера чистая как пройти;KYC_VERIFICATION
132;При попытке сменить телефон для входа — «ошибка сервера (500)». Переустановка не помогает.;APP_TECH
133;вчера отправили сеpa платеж, сегодня еще нет денег где отслеживать статус;INCOMING_DELAY
134;сменил телефон теперь пишет устройство не доверенное и не пускает в аккаунт;APP_LOGIN
135;паспорт загрузил, пишет фото размыто, хотя все четко;KYC_VERIFICATION
136;SEPA EUR отправили вчера днём у меня ноль где статус;INCOMING_DELAY
137;документы отправил на адрес из письма неделю назад тишина;ACCOUNT_SEIZED
138;квитанция ЖКХ отклонена пишет «документ не принят»;KYC_VERIFICATION
139;кэшбэк до 5 рабочих дней прошло 9 ничего не начислено;INCOMING_DELAY
140;новая карта не активируется автоответчик сбрасывает;CARD_ISSUE
141;возврат за отменённый заказ создан позавчера средств нет;INCOMING_DELAY
142;приставы наложили арест уведомление не приходило нужны реквизиты оплаты;ACCOUNT_SEIZED
143;попытались оформить кредит на меня уведомление пришло я не подавал;FRAUD_SUSPECTED
144;терминалы часто отказывают с первого раза оплата проходит со второй;CARD_ISSUE
145;Видео-селфи зависает на 30-й секунде и пишет: «повторите позже». Пробовал три раза.;KYC_VERIFICATION
146;крутится «проверка безопасности», через минуту выкидывает назад;APP_LOGIN
147;перевод по СБП висит «обрабатывается» уже 2 часа деньги не списаны;PAYMENT_OUT_FAIL
148;при входе просит капчу но она не загружается как пройти;APP_LOGIN
149;при входе пишет 403 доступ запрещен раньше все работало;APP_LOGIN
150;Оплата в App Store: требует другую карту, моя отклоняется без кода подтверждения.;PAYMENT_OUT_FAIL
151;Платёж на карту другого банка отклонён: «лимит превышен», лимит далеко не исчерпан.;PAYMENT_OUT_FAIL
152;учетная запись найдена но просит старый номер;APP_LOGIN
153;списание больше чека разница 120 рублей;FRAUD_SUSPECTED
154;двойное списание в магазине чек один верните лишнее;FRAUD_SUSPECTED
155;ФИО в анкете совпадает с паспортом но система пишет не совпадает;KYC_VERIFICATION
156;не получается войти через веб пишет пользователь не найден а в мобильном я авторизован;APP_LOGIN
157;веб показывает авторизацию с нового устройства закройте все сессии;FRAUD_SUSPECTED
158;операция запрещена внутри банка из-за ограничений;ACCOUNT_SEIZED
159;Слишком много попыток, блок на сутки. Можно ли снять раньше;APP_LOGIN
160;перевод по СБП завис на «создан» кнопка отправить неактивна;PAYMENT_OUT_FAIL
161;видеоидентификация обрывается на 18 секунде просит повторить;KYC_VERIFICATION
162;перевыпущенная карта не видна в приложении;CARD_ISSUE
163;после NFC терминал завис и провёл платёж дважды;FRAUD_SUSPECTED
164;двухфакторка включена но нет уведомлений и кодов;APP_LOGIN
165;Перевод по реквизитам ушёл, статус неизвестен, в истории пусто.;PAYMENT_OUT_FAIL
166;перевод внутри банка отклонён службой безопасности требуется проверка;ACCOUNT_SEIZED
167;Зачисление от работодателя обычно утром, сегодня тишина до вечера. Проверьте, пожалуйста.;INCOMING_DELAY
168;кэшбэк завис уже 10 рабочих дней когда начислят;INCOMING_DELAY
169;арест счетов пришел ночью уведомлений не было как оплатить;ACCOUNT_SEIZED
170;частичный возврат пришёл вторая часть не пришла уже неделю;INCOMING_DELAY
171;SWIFT EUR: банк-корреспондент отклонил, комментариев нет.;PAYMENT_OUT_FAIL
172;Паспорт загружается, но пишет «размытое фото». Фото чёткое, проверял.;KYC_VERIFICATION
173;Ссылка на вход по e-mail приходит, открываю — «истёк срок действия».;APP_LOGIN
174;веб ок, мобильное пишет «аккаунт не найден», логин тот же;APP_LOGIN
175;после смены ОКВЭД наложили заморозку что предоставить;ACCOUNT_SEIZED
176;регулярный платёж списался дважды в один день отмените дубль;PAYMENT_OUT_FAIL
177;к сервису привязалась пробная подписка сама списала полно стоимость;FRAUD_SUSPECTED
178;SEPA перевод из Италии отправлен вчера у меня ноль где статус;INCOMING_DELAY
179;карта деформирована согнута терминалы иногда не видят прошу перевыпуск;CARD_ISSUE
180;в терминале просит вставить карту бесконтактная оплата не работает магнитная полоса ok;CARD_ISSUE
181;обнаружил в выписке два одинаковых списания по 520 оба прошли верните одно;FRAUD_SUSPECTED
182;в приложении вижу вход с неизвестного устройства удалите сессию;FRAUD_SUSPECTED
183;Включил двухфакторную, теперь вход недоступен без push, а push не приходит. Как войти?;APP_LOGIN
184;пополнение с карты другого банка в мой кошелек висит без статуса;INCOMING_DELAY
185;фото паспорта бликует как правильно сфотографировать чтобы приняли;KYC_VERIFICATION
186;уведомления о поступлениях пропали в настройках всё включено;APP_TECH
187;жалоба на ограничения подана тишина третий день;ACCOUNT_SEIZED
188;раздел «Платежи» открывается по 20 секунд иногда вылетает;APP_TECH
189;карта не читается в терминале чип поврежден срочно перевыпуск;CARD_ISSUE
190;указал новый номер для 2fa но проверка идёт бесконечно;APP_LOGIN
191;ограничения без уведомления прошу указать причину и порядок обжалования;ACCOUNT_SEIZED
192;после изменения почты вход невозможен пишет неверный логин;APP_LOGIN
193;после обновления главный экран пустой баланс не грузится;APP_TECH
194;оставили меньше прожиточного прошу вернуть остаток на карточку;ACCOUNT_SEIZED
195;экран истории операций пустой хотя вчера были движения;APP_TECH
196;лимит на снятие нал ограничен нужно временно поднять;CARD_ISSUE
197;двойное списание Parking 300 руб чек один отмените;FRAUD_SUSPECTED
198;перевод по номеру у отправителя списался у меня не зачислился;INCOMING_DELAY
199;отмена покупки в онлайне оформлена средства не вернулись;INCOMING_DELAY
200;Не открываются PDF-выписки с мобильного, пишет «файл повреждён». На ноуте тоже не открывается.;APP_TECH
201;перевод юрлицу вернулся не совпадает наименование получателя с ИНН как указать правильно;PAYMENT_OUT_FAIL
202;частичный возврат пришёл вторая часть висит без статуса;INCOMING_DELAY
203;кэшбэк акция закончилась неделя назад начисления нет;INCOMING_DELAY
204;перевод от родственника по СБП задерживается обычно мгновенно;INCOMING_DELAY
205;Подписка «Music+» списалась три раза по 169 руб, оформлял один раз. Верните лишние списания.;FRAUD_SUSPECTED
206;межбанк на юрлицо вернулся назначение платежа не принято подскажите формулировку;PAYMENT_OUT_FAIL
207;перевыпущенная карта приехала но не видна в приложении;CARD_ISSUE
208;после обновления требует push но уведомления не приходят как войти;APP_LOGIN
209;Международный EUR: «IBAN некорректный», у получателя верный.;PAYMENT_OUT_FAIL
210;перевод юрлицу отклонен из-за назначения платежа подскажите как правильно;PAYMENT_OUT_FAIL
211;номер карты виден cvv скрыт кнопка показать не работает;CARD_ISSUE
212;карта не привязывается к кошельку пишет «эмитент не поддерживает»;CARD_ISSUE
213;перевод с площадки отправили банк говорит проверка у меня пусто;INCOMING_DELAY
214;не принимает перевод имени транслитерация другая как правильно указать;KYC_VERIFICATION
215;конвертация и зачисление входящего в тенге не выполнены;INCOMING_DELAY
216;письмо для подтверждения не приходит на почту;APP_LOGIN
217;паспорт читался с ошибкой поля распознались неверно как исправить;KYC_VERIFICATION
218;кэшбэк акция завершилась неделя назад начисления нет;INCOMING_DELAY
219;камера на видеоидентификации перевёрнута вверх ногами;APP_TECH
220;выписка показывает сервис подписки которого нет у меня;FRAUD_SUSPECTED
221;перевод по номеру у отправителя списался у меня не зачислился;INCOMING_DELAY
222;синхронизация профиля зависла данные не сохраняются;APP_TECH
223;после логина белый экран и назад на ввод пароля;APP_LOGIN
224;Оплата налога по УИН отклонена: «получатель недоступен». УИН верный, что делать?;PAYMENT_OUT_FAIL
225;3-D Secure не открывается, пустая страница, платёж отменяется;PAYMENT_OUT_FAIL
226;Оплата коммуналки: «операция невозможна, попробуйте позже». Пытался 4 раза.;PAYMENT_OUT_FAIL
227;Не работает сканер QR: пишет «нет доступа к камере», разрешения выданы.;APP_TECH
228;анкета зависает на последнем шаге крутится бесконечно;KYC_VERIFICATION
229;пополнение кошелька заблокировано mcc запрещён можно временно разрешить;PAYMENT_OUT_FAIL
230;После обновления до 12.4 приложение показывает пустой экран на главной.;APP_TECH
231;«Операция запрещена» при переводе внутри банка — это из-за ограничений по делу?;ACCOUNT_SEIZED
232;карта треснула терминалы часто отказывают нужна срочная замена;CARD_ISSUE
233;при первом входе просит подтвердить устройство а пуш зависает в ожидании;APP_LOGIN
234;ошибка токенизации при добавлении в gpay повторите позже не помогает;CARD_ISSUE
235;Ограничение операций без причин, в приложении только «обратитесь в банк». Нужны детали.;ACCOUNT_SEIZED
236;Face ID не срабатывает, пароль верный. Войти нельзя.;APP_LOGIN
237;паспорт другого государства не принимается укажите список допустимых;KYC_VERIFICATION
238;перевод с криптоплощадки фиат в проверке денег нет второй день;INCOMING_DELAY
239;входящее зачисление по реквизитам задерживается где проверить;INCOMING_DELAY
240;Push для входа не приходит уже второй день, смс тоже тишина.;APP_LOGIN
241;финмон запросил источник средств куда загрузить файлы;ACCOUNT_SEIZED
242;попытка загрузить документ заканчивается ошибкой 500;APP_TECH
243;поле комментария обрезает текст после ~50 символов;APP_TECH
244;карта демагнитилась полоса не читается чип тоже даёт сбой;CARD_ISSUE
245;Поступление из маркетплейса обычно в день продажи сегодня так и нет.;INCOMING_DELAY
246;покупка через кошелек прошла два раза чек один;FRAUD_SUSPECTED
247;не могу войти пишет устройство не доверено старого телефона нет как подтвердить;APP_LOGIN
248;двойной залог в отеле заблокировали сверх суммы;FRAUD_SUSPECTED
249;ИНН вводится правильно поле ругается формат невалидный;KYC_VERIFICATION
250;реестр зарплаты выгружен у коллег деньги есть у меня нет;INCOMING_DELAY
251;веб шустрый мобильное приложение тормозит листать невозможно;APP_TECH
252;сменил телефон и номер теперь пишет устройство не доверено доступ закрыт;APP_LOGIN
253;возврат по спору согласован но денег нет пятый день;INCOMING_DELAY
254;оставили меньше прожиточного прошу вернуть часть средств;ACCOUNT_SEIZED
255;переустановка и очистка кэша не помогли;APP_TECH
256;Оплата коммуналки: «операция невозможна, попробуйте позже», пробовал 5 раз.;PAYMENT_OUT_FAIL
257;камера перевернута на видео идентификации картинка вверх ногами;APP_TECH
258;куда направлять квитанцию об оплате постановления;ACCOUNT_SEIZED
259;виртуальная карта не создаётся «попробуйте позже»;CARD_ISSUE
260;двойной холд в гостинице заблокировали сверх оплаты освободите;FRAUD_SUSPECTED
261;платеж в магазине отменился а холд повис сколько ждать возврат;PAYMENT_OUT_FAIL
262;выписка показывает сервис которого не знаю отмена;FRAUD_SUSPECTED
263;операции запрещены даже внутри банка это из-за ареста;ACCOUNT_SEIZED
264;перевод клиента пришел в валюте конвертации и зачисления нет;INCOMING_DELAY
265;арест ФССП без уведомления прошу реквизиты для оплаты;ACCOUNT_SEIZED
266;платеж на карту втб пишет лимит превышен это не так;PAYMENT_OUT_FAIL
267;cvv скрыт и не раскрывается оплатить сервис невозможно;CARD_ISSUE
268;Перевод по СБП на 8 000 «в обработке» 2 часа, денег нет ни у меня, ни у получателя.;PAYMENT_OUT_FAIL
269;SWIFT USD отправлен четыре дня назад где увидеть трек статуса;INCOMING_DELAY
270;кэшбэк до 5 рабочих дней прошло 9 ничего не упало;INCOMING_DELAY
271;перевод с карты на карту отказ эмитента у получателя другая карта работает;PAYMENT_OUT_FAIL
272;Возврат от магазина прошёл частично, вторая часть не пришла уже неделю.;INCOMING_DELAY
273;лимит на снятие не подходит нужен временный рост;CARD_ISSUE
274;ошибка 504 при переходе в каталог платежей;APP_TECH
275;бесконтактная не работает терминал просит вставить карту полоса ок;CARD_ISSUE
276;биометрия ошибка при входе отпечаток не срабатывает;APP_LOGIN
277;капча распознаётся верно но система всё равно отвечает попробуйте позже;APP_LOGIN
278;пришло смс с кодом входа я не входил закройте доступ;FRAUD_SUSPECTED
279;перевод по реквизитам создан но кнопка подписать серого цвета;PAYMENT_OUT_FAIL
280;115 фз проверка затянулась бизнес простаивает помогите;ACCOUNT_SEIZED
281;блокировка по 115 фз бизнес стоит какие документы нужны для разблокировки;ACCOUNT_SEIZED
282;банкомат забрал карту и перезагрузился что делать где забирать;CARD_ISSUE
283;ФИО не совпадает с документом хотя совпадает как исправить;KYC_VERIFICATION
284;SWIFT USD в пути пятый день где смотреть статус;INCOMING_DELAY
285;Функция входа по лицу перестала работать, просит пин, пин забыл;APP_LOGIN
286;незнакомая подписка списывает 249 в месяц отключите;FRAUD_SUSPECTED
287;Оплата телефона по шаблону даёт 400 «неверные параметры»;PAYMENT_OUT_FAIL
288;нужно подтвердить источник средств куда грузить 2-НДФЛ;KYC_VERIFICATION
289;магическая ссылка на e-mail открывается, но приложение остаётся на экране логина;APP_LOGIN
290;анкета зависает на последнем шаге «сохранение» крутится без конца;KYC_VERIFICATION
291;некорректно применён лимит на исходящие в связи с проверкой прошу уточнить;ACCOUNT_SEIZED
292;трещина на карте терминалы часто отказывают срочно заменить;CARD_ISSUE
293;календарь списаний показывает неверные даты;APP_TECH
294;карта треснула терминалы часто отказывают как ускоренно заменить;CARD_ISSUE
295;покупка через онлайн кошелёк прошла дважды чек один;FRAUD_SUSPECTED
296;фишинговая ссылка ввел данные прошу сменить доступы;FRAUD_SUSPECTED
297;в истории вход с нового устройства город не мой;FRAUD_SUSPECTED
298;аналитика расходов крутится бесконечно;APP_TECH
299;выплата страховой задерживается второй день статус неизвестен;INCOMING_DELAY
300;двойной профиль карты одна запись серая операции путаются;CARD_ISSUE
301;двухфакторка включена, коды из генератора не принимает;APP_LOGIN
302;встроенный браузер для 3ds висит на белом экране;APP_TECH
303;приходят одноразовые коды без запроса возможно утечка;FRAUD_SUSPECTED
304;верификация отклонена без пояснений где причины;KYC_VERIFICATION
305;зачисление по QR оплате не отразилось оплата прошла;INCOMING_DELAY
306;Счёт ограничен по требованию органа операции запрещены что делать;ACCOUNT_SEIZED
307;перевод на карту втб отклонен лимит превышен но лимит еще далеко;PAYMENT_OUT_FAIL
308;карта с дефектом корпус трещина терминалы отказывают;CARD_ISSUE
309;Счёт ограничен по требованию органа операции заблокированы что делать;ACCOUNT_SEIZED
310;перевод по реквизитам создан но не подписывается кнопка серого цвета;PAYMENT_OUT_FAIL
311;просят документ подтверждения адреса живу по договору найма что подойдёт;KYC_VERIFICATION
312;Здравствуйте! Слишком много попыток входа система пишет блок 24 часа можно ли снять;APP_LOGIN
313;кнопка отправить в чате поддержки не активна;APP_TECH
314;перевод на номер ушёл не на того однофамилец как отменить;PAYMENT_OUT_FAIL
315;Международный перевод EUR отклонён: «некорректный IBAN». Проверил у получателя — верный.;PAYMENT_OUT_FAIL
316;Двухфакторная через приложение-коды: генератор работает, но система не принимает код.;APP_LOGIN
317;SWIFT USD отклонён банком-корреспондентом комментариев нет;PAYMENT_OUT_FAIL
318;Перевод по СБП возвращается: «банк получателя недоступен». Пробую с утра, без изменений.;PAYMENT_OUT_FAIL
319;двухфакторная включена но пуши не доходят;APP_LOGIN
320;кнопка «Отправить» в чате поддержки не активна;APP_TECH
321;после смены налогового статуса пришла заморозка какие документы отправить;ACCOUNT_SEIZED
322;перевод с другого банка был мгновенный сейчас уже 3 часа нет денег;INCOMING_DELAY
323;MRZ не считывается фото чёткое камера чистая;KYC_VERIFICATION
324;ИНН вводится но система говорит невалидный формат хотя номер верный;KYC_VERIFICATION
325;статус верификация отклонена без причины где детали;KYC_VERIFICATION
326;кэшбэк задерживается уже 8 рабочих дней когда будет;INCOMING_DELAY
327;сканер qr не стартует приложение просит доступ к камере хотя выдан;APP_TECH
328;селфи живость не проходит пишет поверните голову я поворачиваю;KYC_VERIFICATION
329;Зачисление кэшбэка «до 5 рабочих дней», прошло 8 — на счёте ноль.;INCOMING_DELAY
330;сессия истекает сразу после входа и снова просит авторизацию;APP_LOGIN
331;Добрый день! Возврат за отменённую подписку обещали в течение 5 дней прошло 8.;INCOMING_DELAY
332;выписка показывает сервис подписки которого нет;FRAUD_SUSPECTED
333;новый пластик приехал но не активируется автоответчик молчит;CARD_ISSUE
334;входящее по реквизитам внутри банка зависло где проверить;INCOMING_DELAY
335;перевод с маркетплейса обычно в день продажи сегодня нет;INCOMING_DELAY
336;nfc иногда срабатывает со второй-третьей попытки неудобно;CARD_ISSUE
337;captcha проходит а система отвечает «попробуйте позже»;APP_LOGIN
338;чтобы снять арест от ФССП нужна квитанция об оплате куда отправить;ACCOUNT_SEIZED
339;поступление из маркетплейса в этот раз не пришло обычно день в день;INCOMING_DELAY
340;при входе через биометрию «ошибка датчика», обычный вход просит код из push;APP_LOGIN
341;всплывает окно подтвердить через старое устройство доступа нет помогите;APP_LOGIN
342;ввожу код из смс пишет просрочен приходит с задержкой;APP_LOGIN
343;Оплата госпошлины по УИН: «получатель недоступен», проверено на портале — верный.;PAYMENT_OUT_FAIL
344;перешёл на фальшивый сайт похожий на ваш вводил данные;FRAUD_SUSPECTED
345;уведомления о платежах не приходят в настройках включены;APP_TECH
346;ошибка 401 сразу после ввода логина/пароля раньше пускало;APP_LOGIN
347;выходит ошибка 403 при входе с wi-fi через мобильный интернет пускает;APP_LOGIN
348;карта заблокирована после подозрительной операции как разблокировать;CARD_ISSUE
349;видеоидентификация обрывается на 25 секунде просит повторить;KYC_VERIFICATION
350;поступление из маркетплейса обычно день в день сегодня нет;INCOMING_DELAY
351;Возврат по спору согласован неделю назад пока не зачислен.;INCOMING_DELAY
352;просят доп документы о доходах какой размер файлов и формат;KYC_VERIFICATION
353;выписка показывает покупку ночью в зарубежном магазине я спал;FRAUD_SUSPECTED
354;зарплата обычно утром сегодня весь день тишина проверьте;INCOMING_DELAY
355;сняли все деньги осталось меньше прожиточного минимума законно ли;ACCOUNT_SEIZED
356;SEPA EUR отправили вчера вечером у меня до сих пор ноль;INCOMING_DELAY
357;после смены номера телефона приложение просит подтвердить через старый номер я его уже не использую;APP_LOGIN
358;перевод по СБП 18 000 висит «обрабатывается» второй час деньги не списаны;PAYMENT_OUT_FAIL
359;оплата в магазине не прошла списание и возврат через минуту;PAYMENT_OUT_FAIL
360;банкомат списал и не выдал наличные 10000 как вернуть деньги и сколько ждать;CARD_ISSUE
361;незнакомая подписка списывает 349 ежемесячно отключите и верните;FRAUD_SUSPECTED
362;Оплата коммуналки операция невозможна попробуйте позже;PAYMENT_OUT_FAIL
363;загрузка документов падает с ошибкой 500 попробуйте позже;APP_TECH
364;Оплата штрафа ГИБДД по УИН проводилась, потом откат. Почему?;PAYMENT_OUT_FAIL
365;снять наличные не получается банкомат пишет превышен лимит хотя нет;CARD_ISSUE
366;перевел мошеннику можно ли отменить и вернуть деньги;FRAUD_SUSPECTED
367;Карта не читается в терминале, чип повреждён. Как срочно перевыпустить без визита в офис?;CARD_ISSUE
368;анкета не сохраняется ошибка несоответствие даты рождения дата верна;KYC_VERIFICATION
369;Межбанк на ИП ушёл, но в назначении требовали договор, укажите пример;PAYMENT_OUT_FAIL
370;выдаёт 403 при входе через wi-fi, с LTE вошёл. Почему так;APP_LOGIN
371;видеозвонок обрывается на 15 секунде просит повторить без конца;KYC_VERIFICATION
372;после банкомата серия мелких списаний проверьте;FRAUD_SUSPECTED
373;экспорт выписки в CSV создаёт пустой файл;APP_TECH
374;face id крутится бесконечно потом обратно на экран логина;APP_LOGIN
375;верификация отклонена причина неверный документ но загружал паспорт новый;KYC_VERIFICATION
376;забыл пин на вход, кнопка «забыли?» серого цвета;APP_LOGIN
377;возврат за заказ оформили 8 дней назад на счете пусто;INCOMING_DELAY
378;Зарплата должна прийти утром сегодня уже вечер зачисления нет проверьте;INCOMING_DELAY
379;ФИО в анкете совпадает но пишет не совпадает;KYC_VERIFICATION
380;двойное списание в супермаркете чек один верните лишнее;FRAUD_SUSPECTED
381;нерезидент подскажите полный перечень допустимых документов;KYC_VERIFICATION
382;Номер карты отображается, CVV скрыт и не раскрывается. Как получить доступ?;CARD_ISSUE
383;платеж в интернет-магазине падает на шаге 3d secure страница пустая;PAYMENT_OUT_FAIL
384;СБП перевод на свой же счет в другом банке — «банк получателя недоступен».;PAYMENT_OUT_FAIL
385;новая карта не активируется звоню номер недоступен что делать;CARD_ISSUE
386;карта не читается терминалом часто ошибку даёт нужна замена;CARD_ISSUE
387;перевод с маркетплейса обычно день в день сегодня тишина;INCOMING_DELAY
388;Перевод по реквизитам юрлица отклонён: «несоответствие назначения». Как правильно указать?;PAYMENT_OUT_FAIL
389;двухфакторка утеряна коды из приложения-генератора не подходят;APP_LOGIN
390;MRZ не считывается хотя фото четкое камера чистая;KYC_VERIFICATION
391;пришло смс с кодом входа хотя я не входил кто-то пытается авторизоваться;FRAUD_SUSPECTED
392;блокировка по 115-ФЗ операции остановлены пришлите список документов;ACCOUNT_SEIZED
393;Видео-идентификация завершилась, но пришло «отклонено». Как узнать причину?;KYC_VERIFICATION
394;Межбанк по реквизитам ушёл в неизвестный статус, в истории пусто.;PAYMENT_OUT_FAIL
395;статус KYC отклонено без пояснений где посмотреть причину;KYC_VERIFICATION
396;карта отказывает в магазинах пишет проверка соответствия почему;ACCOUNT_SEIZED
397;ввожу корректный логин/пароль на вебе ок в приложении ошибка аутентификации 401;APP_LOGIN
398;данные карты видны но cvv не показывает не могу оплатить;CARD_ISSUE
399;выплата от страховой задерживается третий день статус неизвестен;INCOMING_DELAY
400;Приложение пишет «аккаунт заблокирован службой безопасности». Куда загружать документы для проверки?;ACCOUNT_SEIZED
401;запрос на подтверждение адреса завис уже третий день как ускорить;KYC_VERIFICATION
402;нерезидент подскажите полный перечень документов;KYC_VERIFICATION
403;перевод с криптоплощадки фиат в проверке второй день;INCOMING_DELAY
404;KYC отклонена без причины где посмотреть детали;KYC_VERIFICATION
405;блокировка без причины чат пишет обратитесь в отделение;ACCOUNT_SEIZED
406;источник средств требуются справки куда грузить;KYC_VERIFICATION
407;карта деформирована терминалы иногда не видят прошу перевыпуск;CARD_ISSUE
408;сканер QR не стартует доступ к камере выдан;APP_TECH
409;фильтр по датам не сохраняется сбрасывается после закрытия;APP_TECH
410;срок действия истек перевыпуск задерживается онлайн платежи не проходят;CARD_ISSUE
411;адрес подтверждения не приняли квитанция свежая;KYC_VERIFICATION
412;зачисление по СБП обычно мгновенно сегодня нет уже час;INCOMING_DELAY
413;перевод юрлицу вернулся банк получателя отказал;PAYMENT_OUT_FAIL
414;СМС с кодом входа приходит с задержкой 10–15 минут, из-за этого не успеваю авторизоваться.;APP_LOGIN
415;IBAN у получателя верный, система пишет «некорректный IBAN».;PAYMENT_OUT_FAIL
416;документы отправил неделю назад статус на рассмотрении как ускорить;ACCOUNT_SEIZED
417;пополнение брокерского счёта отклонено по правилам банка причина не указана;PAYMENT_OUT_FAIL
418;дубликат карты в приложении один серый операции путаются;CARD_ISSUE
419;просят доп документы о доходах размер файла и формат;KYC_VERIFICATION
420;Email подтвержден но приложение требует старый номер;APP_LOGIN
421;captcha не отображается из-за блокировщика, без неё не авторизоваться;APP_LOGIN
422;селфи не проходит проверьте мимику пробовал в разном свете;KYC_VERIFICATION
423;не открываются pdf выписки пишет файл поврежден;APP_TECH
424;Пароль сбросил, по ссылке зашёл, дальше 403.;APP_LOGIN
425;С карты списали 2 раза по 300 руб «Parking», чек один. Нужна корректировка.;FRAUD_SUSPECTED
426;банк пишет проверки соответствия карта отказывается в магазинах;ACCOUNT_SEIZED
427;при оплате онлайн карта помечена как неактивна хотя активировал;CARD_ISSUE
428;карта перевыпущена но в приложении отображается как неактивна;CARD_ISSUE
429;календарь списаний показывает неверные даты и суммы;APP_TECH
430;перевод по реквизитам ушел но в истории нет операции;PAYMENT_OUT_FAIL
431;платеж от страховой завис статус неизвестен средств нет;INCOMING_DELAY
432;возврат авиабилетов частично пришел вторая половина нет уже неделю;INCOMING_DELAY
433;письмо «подтвердите аккаунт» похоже на фишинг переходил;FRAUD_SUSPECTED
434;лимиты изменились без меня подозреваю взлом;FRAUD_SUSPECTED
435;"Вхожу через веб, окей; в мобильном — «пользователь заблокирован». Почему так?";APP_LOGIN
436;TOTP коды рассинхронизированы как настроить чтобы принимало;APP_LOGIN
437;ошибка 504 при открытии каталога платежей повторяется;APP_TECH
438;Возврат налога «отправлено в банк» третьи сутки тишина;INCOMING_DELAY
439;нужен контакт ответственного отдела по ограничениям;ACCOUNT_SEIZED
440;вид на жительство загрузил пишет документ неподходящего типа;KYC_VERIFICATION
441;квитанция за коммуналку отклонена пишут документ не принят;KYC_VERIFICATION
442;после подачи заявления обжалование ограничений тишина третий день;ACCOUNT_SEIZED
443;платежи проходят только со второй попытки терминалы часто отказывают;CARD_ISSUE
444;фильтры по датам в выписке не применяются сохраняю — без эффекта;APP_TECH
445;Возврат от отеля обещали в течение 7 дней прошло 10 нет денег;INCOMING_DELAY
446;начисление процентов по вкладу задерживается обычно 1 числа сегодня нет;INCOMING_DELAY
447;ограничение без описания причины куда обратиться за разъяснениями;ACCOUNT_SEIZED
448;в приложении отображаются две одинаковые карты одна серым что это;CARD_ISSUE
449;получаю одноразовые коды без запроса возможно утечка;FRAUD_SUSPECTED
450;статус kyc отклонено без деталей как узнать конкретную причину;KYC_VERIFICATION
451;межбанк на физлицо вернулся из-за некорректного БИК хотя указал правильно;PAYMENT_OUT_FAIL
452;поле комментария к платежу обрезает текст после 50 символов;APP_TECH
453;входящее внутри банка висит «обрабатывается» вторые сутки;INCOMING_DELAY
454;экспорт выписки в csv создаёт пустой файл 0 байт;APP_TECH
455;CVV не раскрывается в приложении из-за этого не оплатить;CARD_ISSUE
456;платеж ушел в неизвестный статус в истории пусто;PAYMENT_OUT_FAIL
457;в приложении пишет аккаунт заблокирован службой безопасности;ACCOUNT_SEIZED
458;видеозвонок обрывается стабильно на 25 30 секунде;KYC_VERIFICATION
459;входящие блокируются из-за ограничений нам нужно платить подрядчикам;ACCOUNT_SEIZED
460;Сброс пин-кода невозможен потому что нужна авторизация замкнутый круг;APP_LOGIN
461;ФИО не совпадает хотя совпадает где смотреть что именно не так;KYC_VERIFICATION
462;Оплата по QR: квитанция не найдена код с сайта поставщика;PAYMENT_OUT_FAIL
463;после проверки источника средств все операции остановлены почему;ACCOUNT_SEIZED
464;SEPA с Кипра обычно приходит на следующий день сейчас третий;INCOMING_DELAY
465;возврат по спорной операции согласовали, но на счет не упал;INCOMING_DELAY
466;аккаунт нашли но просит подтвердить старый номер которого нет;APP_LOGIN
467;коды из смс приходят через 12 минут не успеваю;APP_LOGIN
468;карта заблокирована из-за подозрительной операции как разблокировать;CARD_ISSUE
469;уведомления о списаниях пропали настройки включены;APP_TECH
470;паспорт РФ просрочен загрузил новый но проверка все равно отклоняет;KYC_VERIFICATION
471;межбанк физлицу вернулся «некорректный БИК», указал правильно;PAYMENT_OUT_FAIL
472;подозрительный вход из другого города закройте сессию;FRAUD_SUSPECTED
473;банкомат списал сумму и не выдал наличные вернуть деньги;CARD_ISSUE
474;межбанк отклонен назначение некорректно подскажите формат;PAYMENT_OUT_FAIL
475;адрес подтверждения не приняли квитанция читаемая свежая;KYC_VERIFICATION
476;карта на карту не проходит пишет банк получателя отказал;PAYMENT_OUT_FAIL
477;Перевод из маркетплейса обычно приходит в день продажи, сегодня не пришёл.;INCOMING_DELAY
478;подозрительная активность ранним утром мелкие списания;FRAUD_SUSPECTED
479;верификация отклонена причина «некорректный документ» фото чёткое;KYC_VERIFICATION
480;новая карта не активируется по голосовому меню сразу сброс;CARD_ISSUE
481;SEPA EUR отправили вчера днём сегодня утром всё ещё пусто;INCOMING_DELAY
482;платеж на карту другого банка отклонён лимит не превышен почему отказ;PAYMENT_OUT_FAIL
483;двойное списание в кафе чек один верните лишнее;FRAUD_SUSPECTED
484;сменил фамилию загрузил новые документы 3 дня статус на проверке;KYC_VERIFICATION
485;смена фамилии документы отправлены 5 дней статус на проверке;KYC_VERIFICATION
486;нужно временно снять блок для оплаты аренды офис нельзя ждать;ACCOUNT_SEIZED
487;нерезидент подскажите полный перечень допустимых документов;KYC_VERIFICATION
488;оплата подписки в store просит другую карту не проходит;PAYMENT_OUT_FAIL
489;снятие ограничений какие документы и в каком формате;ACCOUNT_SEIZED
490;кнопка отправить в чате поддержки не активна нельзя написать;APP_TECH
491;аккаунт ограничен службой безопасности куда загружать подтверждающие документы;ACCOUNT_SEIZED
492;после NFC терминал завис и провёл платёж дважды;FRAUD_SUSPECTED
493;получаю одноразовые коды без запроса возможно утечка данных;FRAUD_SUSPECTED
494;SEPA из Польши шёл сутки сейчас третий день пусто;INCOMING_DELAY
495;ошибка 403 через Wi-Fi, через LTE входит. Почему так?;APP_LOGIN
496;шаблоны платежей пропали после апдейта как вернуть;APP_TECH
497;регулярка не сработала говорит недостаточно средств деньги были;PAYMENT_OUT_FAIL
498;сброс пароля недоступен потому что надо войти замкнутый круг;APP_LOGIN
499;SEPA CHF отправили позавчера банк говорит ждите у меня пусто;INCOMING_DELAY
500;nfc периодически не срабатывает оплата с 3 попытки;CARD_ISSUE
501;при входе в веб приходит push на телефон но на телефоне кнопка неактивна;APP_LOGIN
502;ночью операция в иностранном магазине я в это время не платил;FRAUD_SUSPECTED
503;операции по 99 руб списались подряд без меня;FRAUD_SUSPECTED
504;карта в магазинах отклоняется пишет «проверка соответствия» почему;ACCOUNT_SEIZED
505;пин блок после неверных попыток как сменить удаленно без офиса;CARD_ISSUE
506;сменил фамилию документы загружены четыре дня статус на проверке;KYC_VERIFICATION
507;заморозка счета бизнеса не можем платить налоги что нужно;ACCOUNT_SEIZED
508;межбанк юрлицу вернулся из-за назначения платежа как правильно указать;PAYMENT_OUT_FAIL
509;подтверждение адреса отклонено по причине не читается хотя скан четкий;KYC_VERIFICATION
510;кнопка поделиться реквизитами не реагирует;APP_TECH
511;Оплата налога УИН верный, но пишет «получатель недоступен».;PAYMENT_OUT_FAIL
512;платёж на парковку списан дважды квитанция одна;FRAUD_SUSPECTED
513;возврат авиабилета обещали до 7 дней прошло 9 нет денег;INCOMING_DELAY
514;подозрительная активность ранним утром мелкие списания;FRAUD_SUSPECTED
515;две одинаковые карты в приложении одна серым операции путаются;CARD_ISSUE
516;Перевод по номеру у отправителя списался у меня не зачислен скрин у него есть.;INCOMING_DELAY
517;Перевод на карту другого банка отклонён: превышен дневной лимит, но до лимита далеко.;PAYMENT_OUT_FAIL
518;выплата партнёра пришла частично остаток не дошёл;INCOMING_DELAY
519;нужен временный рост лимита на снятие банкомат отказал;CARD_ISSUE
520;раздел платежи открывается 20 секунд иногда вылетает;APP_TECH
521;после оплаты телефоном терминал завис и провёл два раза;FRAUD_SUSPECTED
522;смена фамилии документы отправлены 5 дней статус проверка;KYC_VERIFICATION
523;SWIFT USD в пути пятый день где статус прохождения;INCOMING_DELAY
524;аккаунт помечен службой безопасности куда грузить объяснения;ACCOUNT_SEIZED
525;камера на видеоидентификации перевёрнута вверх ногами;APP_TECH
526;блок по 115 фз счет стоит аренду платить нечем срочно;ACCOUNT_SEIZED
527;Новая карта не активируется по телефону: автоответчик говорит «повторите позже». Что делать?;CARD_ISSUE
528;проверка по 115-ФЗ затянулась пятые сутки дайте статус;ACCOUNT_SEIZED
529;Оплата в магазине не прошла, терминал отменил, но холд повис. Сколько ждать возврат?;PAYMENT_OUT_FAIL
530;лимиты на карте изменились без меня подозреваю компрометацию;FRAUD_SUSPECTED
531;пришло уведомление о комплаенс проверке как ускорить рассмотрение;ACCOUNT_SEIZED
532;шаблоны платежей пропали после обновления нужна восстановление;APP_TECH
533;после смены сим карта не привязана приложение не пускает;APP_LOGIN
534;pdf выписки не открываются пишет файл поврежден;APP_TECH
535;После смены пароля один раз пустило, затем снова «неверный пароль».;APP_LOGIN
536;арест наложен на два счета один уже оплачен снимите повтор;ACCOUNT_SEIZED
537;оплата подписки требует другую карту моя отклонена;PAYMENT_OUT_FAIL
538;Оплата сервиса по QR: «квитанция не найдена», код с сайта поставщика.;PAYMENT_OUT_FAIL
539;Международный перевод EUR отклонён некорректный IBAN но он верный;PAYMENT_OUT_FAIL
540;история операций пустая хотя вчера были движения;APP_TECH
541;вид на жительство загружен пишет «неподходящий тип»;KYC_VERIFICATION
542;Возврат от авиакомпании по отменённому рейсу оформили 10 дней назад, деньги не зачислены.;INCOMING_DELAY
543;Face ID крутится и откатывает на экран входа пароль верный;APP_LOGIN
544;Платёж в магазине прошёл дважды, терминал завис. Нужна отмена одного списания.;FRAUD_SUSPECTED
545;истек срок карты перевыпуск не доставлен онлайн падает;CARD_ISSUE
546;незнакомая подписка списывает 349 ежемесячно отключите;FRAUD_SUSPECTED
547;банкомат захватил карту отделение закрыто как вернуть;CARD_ISSUE
548;чарджбек по спорной операции тянется 2 недели ускорьте;FRAUD_SUSPECTED
549;Карта просрочена, перевыпуск не получил. Онлайн-платежи теперь не проходят.;CARD_ISSUE
550;нужен шаблон назначения платежей для разблокировки;ACCOUNT_SEIZED
551;сессия истекает через секунду после входа и выбрасывает на экран авторизации;APP_LOGIN
552;частичный возврат пришел вторая часть зависла уже неделю;INCOMING_DELAY
553;двойной профиль карты один серый возникают ошибки;CARD_ISSUE
554;Перевод на карту мир уходит в неизвестный статус в истории пусто;PAYMENT_OUT_FAIL
555;банкомат съел карту адрес ленина 5 как заблокировать и вернуть;CARD_ISSUE
556;СБП — «банк получателя недоступен». Утро/вечер одинаково.;PAYMENT_OUT_FAIL
557;CVV в приложении не отображается из-за этого не оплатить;CARD_ISSUE
558;частичный возврат оформили второй завис без статуса;INCOMING_DELAY
559;пополнение кошелька отклонено MCC запрещен банком можно ли временно снять блок;PAYMENT_OUT_FAIL
560;поступление от страховой обещали вчера средств нет;INCOMING_DELAY
561;SePA из Франции ушел позавчера зачисления нет;INCOMING_DELAY
562;заморозили счёт ИП не могу платить налоги пришлите чек-лист документов;ACCOUNT_SEIZED
563;Оплата подписки в App Store не проходит через вашу карту, требует другую.;PAYMENT_OUT_FAIL
564;Оплата налога через шаблон даёт 400 неверные параметры хотя вчера работало.;PAYMENT_OUT_FAIL
565;Зарплата обычно утром сегодня уже вечер а денег нет проверьте;INCOMING_DELAY
566;карта отображается дважды один серый профиль операции путаются;CARD_ISSUE
567;списание больше чем чек разница 97 рублей;FRAUD_SUSPECTED
568;аккаунт помечен службой безопасности в приложении нет деталей;ACCOUNT_SEIZED
569;паспорт просрочен загрузил новый система все равно отклоняет старый;KYC_VERIFICATION
570;раздел «Платежи» открывается по 15–20 секунд иногда вылетает;APP_TECH
571;получил уведомление «операции ограничены по требованию органа» что делать;ACCOUNT_SEIZED
572;бесконтактная не работает терминал просит вставить карту;CARD_ISSUE
573;веб заходит а мобильное пишет пользователь заблокирован помогите разблокировать;APP_LOGIN
574;доставка карты курьером перенесена уже три раза где статус;CARD_ISSUE
575;история операций пустая хотя вчера были движения;APP_TECH
576;сменил e-mail в профиле теперь пишет неверный логин как вернуть доступ;APP_LOGIN
577;Слишком много попыток, временно заблокировано. Сколько ждать и можно ли снять блок вручную?;APP_LOGIN
578;пришло смс с кодом хотя я ничего не делал кто-то пытается войти проверьте;FRAUD_SUSPECTED
579;ошибка токенизации при привязке к gpay/apple pay;CARD_ISSUE
580;перевод от родственника из вашего банка идёт слишком долго;INCOMING_DELAY
581;оставили меньше прожиточного минимума разъясните порядок;ACCOUNT_SEIZED
582;пароль верный пишет неверно кнопка забыли пароль не активна;APP_LOGIN
583;Оплата в магазине отменена, холд повис. Сколько ждать возврат;PAYMENT_OUT_FAIL
584;входящее из другого банка задерживается обычно мгновенно;INCOMING_DELAY
585;SEPA CHF отправлен банк говорит ждите у меня пусто;INCOMING_DELAY
586;App Store не запрашивает 3DS и платёж падает сразу;PAYMENT_OUT_FAIL
587;зарплата не пришла хотя бухгалтер отправил ведомость утром у коллег уже зачислено у меня нет;INCOMING_DELAY
588;двойное списание в супермаркете суммы одинаковые;FRAUD_SUSPECTED
589;незнакомая подписка ежемесячно списывает 349 отключите и верните;FRAUD_SUSPECTED
590;оплата подписки в steam не проходит просит другую карту;PAYMENT_OUT_FAIL
591;зачисление по QR оплате не отразилось хотя оплата прошла;INCOMING_DELAY
592;Вводил правильный пароль, пишет «неверно». Сбросил пароль — ссылка пришла, но снова не пускает.;APP_LOGIN
593;сняли все деньги списком по нескольким постановлениям как оспорить;ACCOUNT_SEIZED
594;Загружаю квитанцию о прописке, пишет «документ не принят». Формат PDF, всё читаемо.;KYC_VERIFICATION
595;push включены, уведомления для входа не приходят уже сутки;APP_LOGIN
596;СБП «банк получателя недоступен» утром и вечером одинаково;PAYMENT_OUT_FAIL
597;TOTP рассинхрон как починить чтобы принимало коды;APP_LOGIN
598;сканер QR не стартует доступ к камере выдан;APP_TECH
599;нерезидент какие документы нужны для полного kyc список;KYC_VERIFICATION
600;страница паспорта обрезалась при кадрировании как исправить;KYC_VERIFICATION
601;звонок от якобы банка просили код код не говорил проверьте;FRAUD_SUSPECTED
602;PIN заблокирован после ошибок как сменить удалённо;CARD_ISSUE
603;PIN заблокирован после трех неверных как сменить дистанционно;CARD_ISSUE
604;PDF-выписки не открываются пишет «файл повреждён»;APP_TECH
605;при входе просит подтверждение на старом устройстве доступа нет;APP_LOGIN
606;просят доп документы о доходах какой формат и размер файла;KYC_VERIFICATION
607;Перевод из другого банка был мгновенный, сейчас уже 5 часов тишина.;INCOMING_DELAY
608;возврат магазина оформлен 7 дней назад на счёте пусто;INCOMING_DELAY
609;перевёл «знакомому» по ссылке оказался мошенник отменить;FRAUD_SUSPECTED
610;реквизиты для оплаты постановления запрашивал ответа нет;ACCOUNT_SEIZED
611;лимиты изменены без меня подозреваю компрометацию;FRAUD_SUSPECTED
612;двухфакторка утеряна, коды TOTP не принимает рассинхрон часов?;APP_LOGIN
613;возврат магазина обещали до 5 дней прошло 7 пусто;INCOMING_DELAY
614;перевод по номеру телефона ушел к однофамильцу как отменить;PAYMENT_OUT_FAIL
615;селфи-проверка не проходит пишет поверните голову я поворачиваю не помогает;KYC_VERIFICATION
616;Раздел «Платежи» открывается с задержкой 10–15 сек и иногда вылетает.;APP_TECH
617;перевод на номер телефона ушёл на другое имя как отменить сразу же;PAYMENT_OUT_FAIL
618;нужно подтвердить источник средств куда загружать 2 ндфл и договор;KYC_VERIFICATION
619;ФИО совпадает с паспортом но система пишет не совпадает;KYC_VERIFICATION
620;push для входа не приходит, смс тоже. Нужна помощь.;APP_LOGIN
621;не удаётся подтвердить почту письмо приходит без ссылки;APP_LOGIN
622;Apple Pay/Google Pay видит карту как неактивную, привязка не завершается.;APP_TECH
623;ограничили входящие средства по постановлению требую частичное снятие;ACCOUNT_SEIZED
624;международный рубли?тенге не проходит ограничение по валюте;PAYMENT_OUT_FAIL
625;ввел данные на сайте похожем на ваш помогите;FRAUD_SUSPECTED
626;настройка push возвращается в выкл после перезапуска;APP_TECH
627;приложение после логина пишет сессия истекла и выкидывает;APP_LOGIN
628;отпечаток не работает и пароль не помню;APP_LOGIN
629;почта подтверждена а приложение требует старую сим карту которой нет;APP_LOGIN
630;получил ограничение операций по требованию органа нужен порядок снятия;ACCOUNT_SEIZED
631;TLS ошибка при подключении через общественный wi-fi;APP_TECH
632;веб версия работает быстро мобильная очень тормозит;APP_TECH
633;MRZ не считывается в приложении фото четкое;KYC_VERIFICATION
634;Слишком много попыток система заблокировала вход;APP_LOGIN
635;клиенту списали у меня ничего не пришло где деньги;INCOMING_DELAY
636;Регулярный платёж не списался в дату: «недостаточно средств», но деньги были.;PAYMENT_OUT_FAIL
637;аккаунт заблокирован службой безопасности где загрузить документы;ACCOUNT_SEIZED
638;Оплата штрафа по УИН: «получатель недоступен», УИН верный, проверил на госпортале.;PAYMENT_OUT_FAIL
639;кнопка «Поделиться реквизитами» не реагирует;APP_TECH
640;межбанк юрлицу вернулся из-за назначения платежа подскажите формулировку;PAYMENT_OUT_FAIL
641;Перевод USD через SWIFT: вернулись средства за вычетом комиссии, нужна причина.;PAYMENT_OUT_FAIL
642;перевод с карты на карту отказ эмитента у получателя работает;PAYMENT_OUT_FAIL
643;синхронизация профиля зависает данные не сохраняются;APP_TECH
644;перевод внутри банка отклонён службой безопасности;ACCOUNT_SEIZED
645;сессии с нового браузера отображаются закройте все;FRAUD_SUSPECTED
646;ФИО совпадает с паспортом но система пишет не совпадает;KYC_VERIFICATION
647;в истории вижу вход с нового устройства город не мой, что делать?;FRAUD_SUSPECTED
648;пин заблокирован как создать новый без визита;CARD_ISSUE
649;селфи не проходит пишет поверните голову поворачиваю не помогает;KYC_VERIFICATION
650;попытались оформить кредит на меня я заявку не подавал;FRAUD_SUSPECTED
651;оплата подписки в «магазине приложений» просит другую карту моя отклонена;PAYMENT_OUT_FAIL
652;Счёт бизнеса заморожен, подрядчикам платить не можем. Дайте чек-лист для разблокировки.;ACCOUNT_SEIZED
653;просят подтвердить источник средств куда загружать справку 2 ндфл;KYC_VERIFICATION
654;Оплата связи прошла частично одна из двух квитанций не оплачена;PAYMENT_OUT_FAIL
655;Оплата штрафа по УИН: «получатель недоступен», УИН проверен.;PAYMENT_OUT_FAIL
656;арест ФССП без уведомления пришлите реквизиты для оплаты;ACCOUNT_SEIZED
657;App Store не просит 3DS платёж падает сразу что делать;PAYMENT_OUT_FAIL
658;возврат за отмененный заказ создан позавчера средств нет;INCOMING_DELAY
659;пин заблокирован после трех неверных попыток сменить онлайн;CARD_ISSUE
660;Анкета KYC не сохраняется: «несовпадение даты рождения». Дата верная.;KYC_VERIFICATION
661;СБП перевод создаётся, но кнопка «Отправить» неактивна.;PAYMENT_OUT_FAIL
662;платеж картой в офлайн терминале отменился но холд завис на всю сумму;PAYMENT_OUT_FAIL
663;фото бликует и пишут низкое качество есть ли требования к освещению;KYC_VERIFICATION
664;возврат магазина оформлен 7 дней назад на счет не пришло;INCOMING_DELAY
665;телефон сменил пишет устройство не доверено;APP_LOGIN
666;адрес подтверждения не приняли чек свежий и читаемый;KYC_VERIFICATION
667;перевод от клиента из другого банка ушёл у него скрин есть у меня тишина;INCOMING_DELAY
668;анкета не сохраняется несоответствие даты рождения дата верная;KYC_VERIFICATION
669;переустановка, очистка кэша не помогли проблема осталась;APP_TECH
670;Оплата сбережений на брокерский счёт: отказ без причины, вернулся холд.;PAYMENT_OUT_FAIL
671;лимит исходящих снижён из-за проверки прошу уточнить;ACCOUNT_SEIZED
672;ошибка 500 сразу после ввода логина и пароля повторял много раз;APP_LOGIN
673;SEPA из Германии отправили позавчера обычно день сейчас третий день — пусто.;INCOMING_DELAY
674;карта потеряна заблокировать не получается вечная загрузка помогите срочно;CARD_ISSUE
675;транслитерация имени не принимается какой формат нужен;KYC_VERIFICATION
676;я нерезидент какие документы нужны полный список;KYC_VERIFICATION
677;список шаблонов пропал после обновления как восстановить;APP_TECH
678;кнопка поделиться реквизитами не работает ничего не происходит;APP_TECH
679;Международный EUR: «IBAN неправильной длины». Проверили у банка получателя — верный.;PAYMENT_OUT_FAIL
680;SWIFT USD отправили три дня назад когда будет зачисление;INCOMING_DELAY
681;ограничили операции по делу пришлите список что предоставить;ACCOUNT_SEIZED
682;возврат по спорной операции согласовали но денег нет 4 день;INCOMING_DELAY
683;Сбросил пароль, по ссылке вошёл, потом снова «неверные учетные данные».;APP_LOGIN
684;оформился пробный период а списали полную стоимость отмените;FRAUD_SUSPECTED
685;фильтр дат не сохраняется сбрасывается после закрытия;APP_TECH
686;другое гражданство подскажите список документов;KYC_VERIFICATION
687;ошибка суммы списали больше чем в чеке верните;FRAUD_SUSPECTED
688;кэшбэк по акции должен прийти до 3 рабочих дней прошло 6;INCOMING_DELAY
689;указали неверный статус налогоплательщика из-за этого ограничения что делать;ACCOUNT_SEIZED
690;вижу магазин в выписке которого не знаю отмените;FRAUD_SUSPECTED
691;после запроса комплаенса все блокировано почему;ACCOUNT_SEIZED
692;регулярный платёж ушёл дважды в один день отмените второй;PAYMENT_OUT_FAIL
693;перевёл по ссылке «знакомому» оказался мошенник можно ли отменить операцию?;FRAUD_SUSPECTED
694;покупка списана больше чем в чеке разница 120 рублей;FRAUD_SUSPECTED
695;перевод от родственника по СБП задерживается обычно мгновенно;INCOMING_DELAY
696;звонили представлялись службой безопасности просили код код не говорил но страшно;FRAUD_SUSPECTED
697;банкомат списал сумму но купюр не выдал нужен возврат;CARD_ISSUE
698;выплата страхового возмещения задерживается второй день;INCOMING_DELAY
699;видео живости загрузилось но статус «не прошли проверку»;KYC_VERIFICATION
700;выписка показывает лишнее списание больше чем в чеке;FRAUD_SUSPECTED
701;двойная операция после nfc оплатил один раз а списаний два;FRAUD_SUSPECTED
702;пришло смс с кодом входа я не входил закройте доступ;FRAUD_SUSPECTED
703;включение входа по отпечатку даёт biometric api error;APP_TECH
704;перевёл по ссылке знакомому оказался мошенник можно отменить;FRAUD_SUSPECTED
705;входящий перевод внутри банка идёт слишком долго;INCOMING_DELAY
706;Пришёл арест от ФССП, списали все средства. Оставили меньше прожиточного минимума — законно?;ACCOUNT_SEIZED
707;загрузил договоры и счета фактуры ответьте приняли ли документы;ACCOUNT_SEIZED
708;Перевод 9 700 ? на карту другого банка завис на «обрабатывается» уже 2 часа. В истории пусто.;PAYMENT_OUT_FAIL
709;паспорт просрочен загрузил новый система всё равно отклоняет;KYC_VERIFICATION
710;SEPA EUR отправлен вчера днём сегодня утром всё ещё ноль;INCOMING_DELAY
711;ограничили онлайн-операции в офисе говорят ждите письма;ACCOUNT_SEIZED
712;Верификация не проходит: просит повторно загрузить паспорт, но ошибок не показывает.;KYC_VERIFICATION
713;cvv код в приложении скрыт кнопка показать не реагирует;CARD_ISSUE
714;приходы от клиентов разворачиваются из-за блокировки просьба временно снять;ACCOUNT_SEIZED
715;регулярка не сработала пишет недостаточно средств они были;PAYMENT_OUT_FAIL
716;При попытке авторизации сразу 403: доступ запрещён. Раньше всё работало.;APP_LOGIN
717;Оплата по СБП висит «в обработке» уже 2 часа, деньги не списаны.;PAYMENT_OUT_FAIL
718;селфи отклонено из-за мимики что именно нужно сделать чтобы приняли;KYC_VERIFICATION
719;смена фамилии документы отправил 4 день на проверке;KYC_VERIFICATION
720;SEPA из Испании отправлен, обычно на следующий день, сейчас третий день — пусто.;INCOMING_DELAY
721;загрузка документа прерывается ошибкой 500 попробуйте позже;APP_TECH
722;Выписка показала списание 1 290 руб. «OnlShop*Media». Я в это время ничего не оплачивал. Верните.;FRAUD_SUSPECTED
723;смс с кодом пришла без запроса кто-то пытается войти;FRAUD_SUSPECTED
724;после входа пустая лента операций баланс не подгружается;APP_TECH
725;после смены ОКВЭД наложили заморозку что предоставить;ACCOUNT_SEIZED
726;кнопка отправить сообщение в чате не активна;APP_TECH
727;операция запрещена даже свой перевод внутри банка это из-за ареста;ACCOUNT_SEIZED
728;встроенный 3DS-браузер висит на белом экране;APP_TECH
729;селфи отклонено из-за мимики что именно сделать чтобы приняли;KYC_VERIFICATION
730;срок действия истёк перевыпуск задерживается онлайн платежи не идут;CARD_ISSUE
731;настройка push возвращается в выкл после перезапуска;APP_TECH
732;прошу частично снять ограничения для оплаты аренды;ACCOUNT_SEIZED
733;доставка перевыпуска задерживается уже 10 дней где карта;CARD_ISSUE
734;веб пускает, мобильное через Wi-Fi даёт 403. Через LTE заходит.;APP_LOGIN
735;пополнение брокерского счёта отклонено по правилам банка причина не указана;PAYMENT_OUT_FAIL
736;приложение зависает на главном экране баланс не подгружается;APP_TECH
737;виджет баланса показывает ноль на экране другая сумма;APP_TECH
738;получил постановление ФССП дайте реквизиты куда платить;ACCOUNT_SEIZED
739;первый вход ок, второй раз «слишком много попыток» блок на 24 часа;APP_LOGIN
740;после обновления 13.1 главный экран пустой баланс не грузится;APP_TECH
741;перешёл на фальшивый сайт похожий на ваш ввёл логин/пароль;FRAUD_SUSPECTED
742;Веб-кабинет пускает, мобильное — пишет «аккаунт не найден».;APP_LOGIN
743;swift eur отправлен 4 дня назад статус неизвестен;INCOMING_DELAY
744;Получил письмо «подтвердите аккаунт», перешёл по ссылке и ввёл данные. Теперь переживаю. Проверьте доступы.;FRAUD_SUSPECTED
745;просим временно снять блок для оплаты аренды;ACCOUNT_SEIZED
746;Сброс пароля: ссылка истекает сразу после открытия. Почта корпоративная.;APP_LOGIN
747;лимит исходящих по проверке снижен прошу уточнить и вернуть;ACCOUNT_SEIZED
748;виртуальная карта исчезла из приложения оплата перестала проходить;CARD_ISSUE
749;Сменил оператора, теперь при входе «подтвердите устройство». Ничего не приходит.;APP_LOGIN
750;неизвестная подписка оформилась сама 1190 отменить и вернуть;FRAUD_SUSPECTED
751;платеж прошел дважды нужно отменить один из них;FRAUD_SUSPECTED
752;Код подтверждения входа не приходит ни в смс ни в push уже 20 минут;APP_LOGIN
753;пополнение брокерского отклонено по правилам банка причина не указана;PAYMENT_OUT_FAIL
754;платёж за парковку списан дважды квитанция одна;FRAUD_SUSPECTED
755;ограничение операций пока идет kyc как платить коммуналку;ACCOUNT_SEIZED
756;оставили меньше прожиточного как вернуть часть средств;ACCOUNT_SEIZED
757;Ошибка аутентификации 401 при входе через e-mail. Сброс пароля не помогает.;APP_LOGIN
758;проценты по вкладу задержались обычно 1 числа сегодня нет;INCOMING_DELAY
759;банкомат съел карту адрес Невский 14 как заблокировать и вернуть;CARD_ISSUE
760;судебный арест наложен ночью смс не было как получить копию;ACCOUNT_SEIZED
761;приложение переустанавливал кэш чистил проблема осталась;APP_TECH
762;инн вводится правильно но поле ругается формат невалидный;KYC_VERIFICATION
763;новая карта не активируется автоответчик сбрасывает звонок;CARD_ISSUE
764;привязка к кошельку не завершается эмитент не поддерживает;CARD_ISSUE
765;хочу временно поднять лимит на снятие банкомат отказал;CARD_ISSUE
766;аккаунт помечен службой безопасности куда загружать объяснения;ACCOUNT_SEIZED
767;выписка показывает неизвестный интернет магазин отмените;FRAUD_SUSPECTED
768;веб работает, мобильное пишет «аккаунт не найден», данные те же;APP_LOGIN
769;не получается снять наличные банкомат пишет лимит исчерпан это не так;CARD_ISSUE
770;анкета не сохраняется несоответствие даты рождения дата верная;KYC_VERIFICATION
771;Зарплата обычно утром сегодня до вечера не пришла проверьте;INCOMING_DELAY
772;загрузка документа завершается ошибкой 500;APP_TECH
773;проверка по 115 фз затянулась на пятые сутки дайте статус;ACCOUNT_SEIZED
774;в приложении две одинаковые карты одна серым;CARD_ISSUE
775;Списали подписку, которой не подключал. В выписке «ProPlus 1190». Нужен возврат.;FRAUD_SUSPECTED
776;банкомат выдал ошибку захвата карта внутри как вернуть;CARD_ISSUE
777;перевод по swift usd отклонен банком посредником что исправить;PAYMENT_OUT_FAIL
778;видео живости прошло но статус не прошли проверку;KYC_VERIFICATION
779;Два одинаковых листинга операции в истории, списание одно. Почему дублируется?;FRAUD_SUSPECTED
780;нужно подтвердить источник средств куда грузить 2-НДФЛ;KYC_VERIFICATION
781;CVV не отображается в приложении из-за этого не оплатить сервис;CARD_ISSUE
782;115 фз проверка источник средств операции остановлены список документов;ACCOUNT_SEIZED
783;адрес подтверждения не приняли квитанция читаема свежая;KYC_VERIFICATION
784;возврат магазина оформили 8 дней назад на счёте пусто;INCOMING_DELAY
785;паспорт иностранный не принимается укажите поддерживаемые страны;KYC_VERIFICATION
786;кэшбэк обещали до 5 рабочих прошло 9 все еще ноль;INCOMING_DELAY
787;после смены ОКВЭД наложили заморозку что предоставить;ACCOUNT_SEIZED
788;операция запрещена даже внутри банка это точно из-за ареста;ACCOUNT_SEIZED
789;возврат по спорной операции согласован но денег нет 5 день;INCOMING_DELAY
790;3-D Secure не грузится платёж отменяется магазин пишет пробуйте позже;PAYMENT_OUT_FAIL
791;банкомат удержал карту и выключился что делать;CARD_ISSUE
792;неверно указан налоговый статус из-за этого ограничения;ACCOUNT_SEIZED
793;фото бликует пишут низкое качество какие требования к свету;KYC_VERIFICATION
794;арест от ФССП без уведомления дайте реквизиты оплаты постановления;ACCOUNT_SEIZED
795;терминалы часто отказывают оплата проходит со второй попытки;CARD_ISSUE
796;регулярный платёж за интернет не списался хотя средства были;PAYMENT_OUT_FAIL
797;код из смс приходит с короткого номера и уже просрочен не успеваю;APP_LOGIN
798;поступления от клиентов разворачиваются из-за блокировки снимите временно;ACCOUNT_SEIZED
799;подписал согласие на проверку данных в приложении но кнопка отправить не активна;KYC_VERIFICATION
800;Локальная биометрия выключилась после обновления, теперь просит старый пароль которого нет;APP_LOGIN
801;ввожу логин/пароль правильно, сразу 401 раньше входил без проблем;APP_LOGIN
802;SEPA с Польши обычно сутки сейчас третий день пусто;INCOMING_DELAY
803;банкомат списал наличные и выдал ошибку деньги не получил, помогите;CARD_ISSUE
804;перевод по номеру телефона задерживается у отправителя списано;INCOMING_DELAY
805;нужен временный рост лимита на снятие банкомат отказал;CARD_ISSUE
806;выплата страховой задерживается второй день статус неизвестен;INCOMING_DELAY
807;возврат по спору согласован но денег не поступило;INCOMING_DELAY
808;SEPA перевод CHF отправлен банк говорит ждите у меня ноль;INCOMING_DELAY
809;виджет баланса показывает ноль в приложении другая сумма;APP_TECH
810;На новом телефоне пишет «аккаунт не найден», на старом всё работает.;APP_LOGIN
811;лимит на снятие наличных слишком мал банкомат отказал как временно поднять;CARD_ISSUE
812;после запроса на разблокировку статус «на рассмотрении» третьи сутки;ACCOUNT_SEIZED
813;две одинаковые карты в приложении одна серая операции путаются;CARD_ISSUE
814;карта отказывает «проверка соответствия» почему блок;ACCOUNT_SEIZED
815;поступление кредита одобрено но деньги не пришли уже 2 дня;INCOMING_DELAY
816;пластик выгнут терминалы иногда не читают прошу выпуск новой;CARD_ISSUE
817;Приставы наложили арест, но уведомление не пришло. Подскажите номер для оплаты постановления.;ACCOUNT_SEIZED
818;операция запрещена даже свой перевод внутри банка это из-за ареста;ACCOUNT_SEIZED
819;экспорт выписки в csv создаёт пустой файл;APP_TECH
820;попросили справку об адресе проживаю по договору найма что подойдёт;KYC_VERIFICATION
821;операции по мелким суммам списались подряд без моего участия;FRAUD_SUSPECTED
822;push для подтверждения входа не приходит уже третий день;APP_LOGIN
823;пришло смс с кодом входа я не входил закройте доступ;FRAUD_SUSPECTED
824;Пароль верный, пишет «неверно». Ссылка на сброс приходит, но после смены снова ошибка.;APP_LOGIN
825;списание больше чем в чеке разница 85 рублей;FRAUD_SUSPECTED
826;Кнопка «Отправить» в чате поддержки не активна, не могу написать сообщение.;APP_TECH
827;международный перевод в GBP не создается поле IBAN отсутствует как отправить;PAYMENT_OUT_FAIL
828;карта треснула терминалы часто отказывают нужна срочная замена;CARD_ISSUE
829;после смены телефона просит подтвердить устройство а подтверждение не приходит как войти;APP_LOGIN
830;реестр зарплаты загрузили вчера у меня на счёте ноль;INCOMING_DELAY
831;Счёт заблокирован по 115-ФЗ, операции остановлены. Нужен список документов для проверки.;ACCOUNT_SEIZED
832;заявка на спор тянется десятый день ускорьте пожалуйста;FRAUD_SUSPECTED
833;ИНН вводится правильно поле ругается формат невалидный;KYC_VERIFICATION
834;селфи провал по мимике свет разный пробовал не проходит;KYC_VERIFICATION
835;магнитная полоса не читается чип иногда тоже отказывает;CARD_ISSUE
836;веб версия быстрая мобильная тормозит листать невозможно;APP_TECH
837;магнитная полоса не читается чип тоже даёт сбой;CARD_ISSUE
838;Получил уведомление: «операции ограничены по требованию органа». Что это и как снять запрет?;ACCOUNT_SEIZED
839;виджет баланса показывает ноль а в приложении сумма другая;APP_TECH
840;входящее по реквизитам внутри банка висит «обрабатывается» вторые сутки;INCOMING_DELAY
841;3-D Secure не открывается страница пустая платёж отменяется;PAYMENT_OUT_FAIL
842;физическая карта определяется как виртуальная терминалы отказывают;CARD_ISSUE
843;Пополнение брокерского счёта отклонено «по правилам банка». Поясните причину.;PAYMENT_OUT_FAIL
844;SWIFT-перевод USD отправили 2 дня назад, зачисления нет. Где посмотреть статус прохождения?;INCOMING_DELAY
845;подписка списалась три раза по 199 не подключал отмените;FRAUD_SUSPECTED
846;оплата в App Store проваливается без запроса 3ds кода;PAYMENT_OUT_FAIL
847;ошибка токенизации при добавлении в кошелёк;CARD_ISSUE
848;оплата телефона через шаблон падает с ошибкой 500;PAYMENT_OUT_FAIL
849;карта треснула терминалы отказывают нужна срочная замена;CARD_ISSUE
850;сменил часовой пояс теперь пишет проверьте время после синхронизации тоже не пускает;APP_LOGIN
851;нужно временно снять блок для оплаты аренды офис нельзя ждать;ACCOUNT_SEIZED
852;зачисление компенсации согласовали но денег нет уже 4 дня;INCOMING_DELAY
853;перевод международный рубли в тенге не проходит ограничение по валюте;PAYMENT_OUT_FAIL
854;паспорт другой страны не принимается укажите допустимые;KYC_VERIFICATION
855;на новом телефоне пишет «аккаунт не найден», на старом всё ещё залогинен;APP_LOGIN
856;captcha не отображается в мобильном браузере из-за этого не войти;APP_LOGIN
857;После очистки кэша просит подтвердить устройство, push не приходит, смс тоже.;APP_LOGIN
858;загрузил коммунальный счет как подтверждение адреса пишет документ не принят;KYC_VERIFICATION
859;карта не привязывается к кошельку пишет эмитент не поддерживает;CARD_ISSUE
860;Ошибка 429 слишком много попыток как снять блокировку;APP_LOGIN
861;Сняли операции по аресту, но реквизитов для оплаты постановления не прислали.;ACCOUNT_SEIZED
862;клиент перевел по номеру у него списалось у меня не зачислилось;INCOMING_DELAY
863;TOTP код из приложения не принимается возможно рассинхронизация часовой;APP_LOGIN
864;ошибка tls при подключении через общественный wi-fi;APP_TECH
865;карта определяется как виртуальная хотя физическая терминалы отказывают;CARD_ISSUE
866;Добрый вечер, счёт заблокирован по требованию органа операции запрещены что делать?;ACCOUNT_SEIZED
867;после смены e-mail пишет «неверный логин», доступ потерял;APP_LOGIN
868;лимиты в приложении поменялись без меня подозреваю взлом;FRAUD_SUSPECTED
869;приложение предлагает привязать номер пишет занят другим;APP_LOGIN
870;Покупка в онлайне не прошла, деньги списались и вернулись через минуту. Что это?;PAYMENT_OUT_FAIL
871;селфи не проходит пишет поверните голову поворачиваю не помогает;KYC_VERIFICATION
872;верификация отклонена причина «некорректный документ» фото чёткое;KYC_VERIFICATION
873;доставка карты задерживается уже 10 дней где статус;CARD_ISSUE
874;перевод по реквизитам юрлица отклонен требуется договор укажите форму назначения;PAYMENT_OUT_FAIL
875;KYC на паузе 48 часов: статус «проверка». Можно ускорить? Нужны сроки.;KYC_VERIFICATION
876;видео с живостью загружается но пишет не прошли проверку;KYC_VERIFICATION
877;платеж по QR от поставщика пишет квитанция недоступна;PAYMENT_OUT_FAIL
878;пластик треснул терминалы отказывают нужна срочная замена;CARD_ISSUE
879;новая карта не активируется по телефону автоответчик сбрасывает;CARD_ISSUE
880;попытались оформить на меня кредит я не подавал;FRAUD_SUSPECTED
881;открываю магический линк на телефоне и он открывается на компьютере как сменить;APP_LOGIN
882;виртуальная карта не создается ошибка попробуйте позже;CARD_ISSUE
883;смена фамилии документы отправлены 6 дней статус «на проверке»;KYC_VERIFICATION
884;бесконтактная не работает терминал просит вставить карта магнитная ок;CARD_ISSUE
885;комплаенс запросил выписки загрузил пришёл ответ недостаточно что ещё;ACCOUNT_SEIZED
886;Здравствуйте! Оплата коммуналки — «операция невозможна, попробуйте позже», пробовал 4 раза.;PAYMENT_OUT_FAIL
887;Верификация устройства висит «ожидание» уже час, пуш ни разу не пришёл.;APP_LOGIN
888;увидел чужой перевод на мой счёт потом списали обратно объясните что это было;FRAUD_SUSPECTED
889;сканер qr не запускается нет доступа к камере хотя разрешения выданы;APP_TECH
890;онлайн-оплата не проходит пишет карта неактивна хотя активировал;CARD_ISSUE
891;после смены налогового статуса пришла заморозка какие бумаги нужны;ACCOUNT_SEIZED
892;привязка к gpay/apple pay не завершается ошибка;CARD_ISSUE
893;сервис списал больше чем в чеке нужна корректировка суммы;PAYMENT_OUT_FAIL
894;блокировка по 115-ФЗ операции остановлены список документов;ACCOUNT_SEIZED
895;PIN заблокирован после неверных попыток как сменить дистанционно;CARD_ISSUE
896;настройка push сохраняется но после перезапуска снова выключено;APP_TECH
897;анкета отклонена по причине низкое качество изображения перезалил снова отклонено;KYC_VERIFICATION
898;кэшбэк до 5 рабочих прошло 9 ничего не начислили;INCOMING_DELAY
899;ограничение без причин в приложении только обратитесь в банк;ACCOUNT_SEIZED
900;после банкомата пошли мелкие списания похоже скимминг;FRAUD_SUSPECTED
901;карта просрочена перевыпуск задерживается онлайн платежи падают;CARD_ISSUE
902;поступление с маркетплейса обычно день в день сегодня нет;INCOMING_DELAY
903;подтверждение адреса отклонено квитанция жкх свежая почему;KYC_VERIFICATION
904;Перевод по номеру телефона завис в обработке уже час.;PAYMENT_OUT_FAIL
905;звонили представились безопасностью просили код я не говорил;FRAUD_SUSPECTED
906;При входе просит капчу, ввожу правильно, всё равно ошибка «попробуйте позже».;APP_LOGIN
907;кнопка «Войти» не активна хотя поля заполнены корректно;APP_LOGIN
908;перевод из криптобиржи в фиате отправлен но банк пишет требуется время на проверку денег нет;INCOMING_DELAY
909;подтверждение адреса если живу по договору найма что подойдёт;KYC_VERIFICATION
910;документы отправил неделю назад статус «на рассмотрении» как ускорить;ACCOUNT_SEIZED
911;входящее по реквизитам внутри банка «обрабатывается» вторые сутки;INCOMING_DELAY
912;перевод внутри банка отклонён операция запрещена из-за ограничений;PAYMENT_OUT_FAIL
913;видео идентификация обрывается на 30 секунде повторите позже;KYC_VERIFICATION
914;после смены налогового режима наложили ограничения нужны пояснения;ACCOUNT_SEIZED
915;после загрузки ИНН три дня висит на проверке без изменений;KYC_VERIFICATION
916;видео идентификация обрывается на 20 секунде выдает повторите позже;KYC_VERIFICATION
917;забыл пин на вход пробовал три раза теперь блок 24 часа можно раньше;APP_LOGIN
918;после ввода кода push кнопка подтвердить не нажимается;APP_LOGIN
919;уведомление об аресте на почту в приложении пусто поясните;ACCOUNT_SEIZED
920;TLS-ошибка при подключении через общественный Wi-Fi;APP_TECH
921;счет бизнеса заморожен не платим подрядчикам дайте чеклист;ACCOUNT_SEIZED
922;Перевод по номеру телефона висит в обработке уже час, деньги не списаны.;PAYMENT_OUT_FAIL
923;карта не привязывается к кошельку эмитент не поддерживает;CARD_ISSUE
924;селфи засчитывается как несоответствие мимики что значит и как пройти;KYC_VERIFICATION
925;лимиты изменились без меня подозреваю взлом аккаунта;FRAUD_SUSPECTED
926;ошибка 504 при переходе в каталог платежей;APP_TECH
927;PIN заблокирован после неверных попыток, как установить новый онлайн без визита?;CARD_ISSUE
928;CVV в приложении не раскрывается, из-за этого не могу оплатить подписку. Как показать код?;CARD_ISSUE
929;анкета kyc зависает на последнем шаге крутится без конца;KYC_VERIFICATION
930;Android 14, открываю раздел «Шаблоны» — вечная загрузка, кнопки не нажимаются.;APP_TECH
931;в выписке нашёл две одинаковые операции сумма 640 оба списались верните одну;FRAUD_SUSPECTED
932;Подтверждение адреса отклонено, хотя ЖКХ-счёт свежий. Что именно не так?;KYC_VERIFICATION
933;включение входа по отпечатку выдаёт biometric api error;APP_TECH
934;biometric api error при попытке включить вход по отпечатку;APP_TECH
935;Дублирование списания после NFC-оплаты, две одинаковые суммы. Отмените одну.;FRAUD_SUSPECTED
936;входящий перевод в тенге отправлен конвертации и зачисления нет;INCOMING_DELAY
937;ограничение операций без пояснений нужен контакт для разблокировки;ACCOUNT_SEIZED
938;пишет проверьте дату и время синхронизировал все равно не пускает;APP_LOGIN
939;звонили из безопасности просили код не сообщал но переживаю;FRAUD_SUSPECTED
940;приложение просит капчу но она не грузится из-за этого не авторизоваться;APP_LOGIN
941;карта в магазинах отклоняется пишет проверка соответствия почему;ACCOUNT_SEIZED
942;перевод 15000 по сбп уже 3 часа обрабатывается;PAYMENT_OUT_FAIL
943;CVV не отображается в приложении из-за этого не оплатить сервис, что делать?;CARD_ISSUE
944;вижу в выписке магазин которого не знаю отмена операции;FRAUD_SUSPECTED
945;заблокирован перевод внутри банка из-за проверок объясните;ACCOUNT_SEIZED
946;ограничение без описания причины куда обращаться;ACCOUNT_SEIZED
947;лимит на снятие мал банкомат отказал как временно поднять;CARD_ISSUE
948;веб пускает мобильное пишет аккаунт не найден странно;APP_LOGIN
949;номер карты виден CVV скрыт кнопка показать не работает;CARD_ISSUE
950;требуется подтверждение назначения платежей для разблокировки дайте форму;ACCOUNT_SEIZED
951;Слишком много попыток входа (429). Как снять блокировку и войти?;APP_LOGIN
952;выплата партнера пришла частично остатка нет уже 4 дня;INCOMING_DELAY
953;Оплата коммуналки: «операция невозможна, повторите позже», несколько раз пробовал.;PAYMENT_OUT_FAIL
954;подписка на сервис о которой не знаю списывает 299 ежемесячно отключите;FRAUD_SUSPECTED
955;после смены почты система не узнаёт логин как вернуть доступ;APP_LOGIN
956;увидел вход с неизвестного устройства я не логинился;FRAUD_SUSPECTED
957;частичный возврат за товар прошел вторая часть висит;INCOMING_DELAY
958;регулярный платёж списался не полностью остаток висит;PAYMENT_OUT_FAIL
959;Пуши о поступлениях перестали приходить, в настройках уведомления включены. Исправьте.;APP_TECH
960;не пускает после смены телефона пишет «подтвердите устройство» push нет смс нет;APP_LOGIN
961;оставили меньше прожиточного прошу вернуть часть средств;ACCOUNT_SEIZED
962;возврат депозита брокером обещан вчера деньги не поступили;INCOMING_DELAY
963;получил письмо подтвердить аккаунт перешёл боюсь что фишинг;FRAUD_SUSPECTED
964;Пополнение кошелька отклонено «по правилам банка». Поясните.;PAYMENT_OUT_FAIL
965;СБП: «банк получателя недоступен», пробовал утром и вечером — одинаково.;PAYMENT_OUT_FAIL
966;получил ограничение операций по требованию органа нужен порядок действий;ACCOUNT_SEIZED
967;оспаривал операцию 2 недели статус рассмотрение ускорьте;FRAUD_SUSPECTED
968;Требуется подтверждение через старое устройство, доступа к нему нет.;APP_LOGIN
969;реестр зарплаты выгружен у коллег деньги есть у меня нет почему;INCOMING_DELAY
970;возврат депозита брокером обещали вчера но на счёте пусто;INCOMING_DELAY
971;карта не привязывается к кошельку пишет эмитент не поддерживает раньше работало;CARD_ISSUE
972;Не пускает из-за несоответствия часового пояса? Пишет «проверьте дату и время».;APP_LOGIN
973;просит подтвердить через старую сим карту номера уже нет;APP_LOGIN
974;арест дублируется на двух счетах один оплачен снимите повтор;ACCOUNT_SEIZED
975;срок действия вышел перевыпуск не пришел а онлайн платежи не идут;CARD_ISSUE
976;поступления от клиентов разворачиваются снимите частично;ACCOUNT_SEIZED
977;ИНН вводится правильно система ругается формат невалидный;KYC_VERIFICATION
978;покупка прошла дважды дублирование отмените одну;FRAUD_SUSPECTED
979;карта треснула терминалы часто отказывают нужна срочная замена;CARD_ISSUE
980;звонили «безопасность банка» просили код я не говорил;FRAUD_SUSPECTED
981;услуга связи оплачена дважды потому что завис терминал прошу отменить вторую;PAYMENT_OUT_FAIL
982;веб шустрый, мобильное приложение тормозит;APP_TECH
983;вид на жительство загружен система пишет неподходящий тип;KYC_VERIFICATION
984;статус KYC «отклонено» без пояснений где причины;KYC_VERIFICATION
985;страница паспорта обрезалась при кадрировании как исправить;KYC_VERIFICATION
986;двойной залог в отеле заблокировали сверх суммы освободите;FRAUD_SUSPECTED
987;онлайн оплата не проходит пишет карта заблокирована хотя активна;CARD_ISSUE
988;PDF-выписки не открываются пишет «файл повреждён»;APP_TECH
989;документы отправил неделю назад статус на рассмотрении как ускорить;ACCOUNT_SEIZED
990;3-D Secure страница не открывается, браузер пишет «истёк срок ожидания».;PAYMENT_OUT_FAIL
991;push не приходит ни один, из-за этого не могу входить и подтверждать операции;APP_LOGIN
992;Регулярный платёж ушёл дважды в один день, второй отменить.;PAYMENT_OUT_FAIL
993;оформился пробный период а списали полную стоимость;FRAUD_SUSPECTED
994;в истории операция из другого города я там не был;FRAUD_SUSPECTED
995;Неизвестный вход из другого города. Я не заходил. Проверьте активные сессии и закройте.;FRAUD_SUSPECTED
996;ошибка синхронизации профиля данные не сохраняются;APP_TECH
997;банкомат съел карту центральная 3 как заблокировать и вернуть;CARD_ISSUE
998;карта не привязывается к кошельку пишет эмитент не поддерживает;CARD_ISSUE
999;страницы паспорта обрезались при загрузке теперь отклонено что делать;KYC_VERIFICATION
1000;ночью операция в иностранном магазине я не платил;FRAUD_SUSPECTED
